{"train_loss": [0.021567478584125638, 0.020985074549913406, 0.020948493152856826, 0.020935670256614684, 0.020929376248270272, 0.020914625868201257, 0.020908237570896746, 0.020902456264942883, 0.0208975864816457, 0.02089340595342219, 0.020890116762369872, 0.020887200385332108, 0.02088391880504787, 0.02088155028410256, 0.02087918332964182, 0.020877361059188842, 0.020875493228435515, 0.02087397512793541, 0.020872162997722626, 0.020871081344783306, 0.020869232796132564, 0.020867870753630995, 0.020865727590397, 0.020863475412130357, 0.02086110701225698, 0.020858802733942867, 0.020856870267540215, 0.02085467972792685, 0.020853020511567594, 0.02085084139741957, 0.020849216129630803, 0.02084752755239606, 0.020845502585172652, 0.020843075297772885, 0.020841232372447848, 0.020839606003835796, 0.020837147556245328, 0.020835154263302683, 0.020833348939195275, 0.020831525100395085, 0.020829499185085296, 0.020827361775562166, 0.020825633760541678, 0.020823991864919664, 0.020821364264935256, 0.020820169769227504, 0.02081778683885932, 0.020815960789099336, 0.02081440440006554, 0.020811960017308593, 0.020810620559379458, 0.02080810617469251, 0.02080676347576082, 0.020804922219365835, 0.02080369367077947, 0.020801179168745874, 0.020799149775877594, 0.02079678639769554, 0.02079495688714087, 0.020793262558057905, 0.02079160606302321, 0.020789640767499805, 0.020787053482607006, 0.02078526641987264, 0.020783746328204872, 0.0207813649084419, 0.020779351061210035, 0.02077771400474012, 0.02077636757493019, 0.020773306684568525, 0.020771811861544847, 0.020769662814214825, 0.020769019339233637, 0.020766123443841933, 0.020764548709616065, 0.02076252493262291, 0.020760371254757045, 0.020759992133826018, 0.02075767064280808, 0.02075602905638516, 0.020755136363208294, 0.020752141846343875, 0.020750767309218644, 0.02074934200011194, 0.02074739726446569, 0.020747008429840206, 0.020744033398106695, 0.020742998128756882, 0.020740882301703095, 0.02074058540724218, 0.020738857811316846, 0.020736955270171165, 0.02073536379262805, 0.020733584420755506, 0.020732825299724936, 0.0207313912473619, 0.02073018567636609, 0.020727873066440226, 0.02072652145475149, 0.020726334527134894], "val_loss": [0.021021133922040462, 0.02096222975105047, 0.02094459991157055, 0.02093585630506277, 0.020928521506488322, 0.02091674814373255, 0.02090811122953892, 0.020904564082622527, 0.020903374642133713, 0.020897410556674004, 0.020894834026694297, 0.020892015032470228, 0.02088953599333763, 0.02088691967725754, 0.020885559149086474, 0.02088642306625843, 0.020884470857679843, 0.020883240580558775, 0.02088267832249403, 0.02088272934406996, 0.020880329340696335, 0.02088096734881401, 0.020881155490875245, 0.020879047110676764, 0.02087854029238224, 0.020879164658486844, 0.020879297330975533, 0.020879514768719673, 0.020879825048148632, 0.02088193879276514, 0.02088115245103836, 0.02087971317768097, 0.020884997472167016, 0.020882133066654204, 0.020883441485464574, 0.02088721375912428, 0.020889842115342616, 0.02088727756589651, 0.020886876717209815, 0.020888122603297234, 0.020890492662787436, 0.02089235759526491, 0.020890807166695596, 0.02089077203720808, 0.020892362184822558, 0.020892561703920363, 0.02089570213854313, 0.020897378325462342, 0.020901835933327676, 0.020899372920393944, 0.02089946971088648, 0.02090121603012085, 0.020904411174356936, 0.020901602879166602, 0.02090305060148239, 0.020905130691826344, 0.02090713318437338, 0.020905751273036004, 0.020912582159042358, 0.020908882044255735, 0.020912747077643873, 0.020921675756573676, 0.02091455116868019, 0.020917644150555133, 0.02091772600263357, 0.020931019477546216, 0.020923487693071365, 0.020924938179552554, 0.02092438466846943, 0.02092451249063015, 0.020925126247107982, 0.020940197117626666, 0.020928695499897003, 0.020928529039025305, 0.020934020638465882, 0.020935268327593803, 0.020942096896469593, 0.02094084916263819, 0.020939117044210434, 0.0209445116892457, 0.020938986964523794, 0.020940996818244458, 0.020943312831223013, 0.020947790086269378, 0.02095966085791588, 0.02094132747501135, 0.020952898651361466, 0.020950024895370005, 0.020952716082334517, 0.020955841578543185, 0.02095662412047386, 0.02095678360760212, 0.020957269445061683, 0.020959342323243618, 0.020960768342018127, 0.020966485872864725, 0.020956998951733113, 0.020959206007421016, 0.020972817435860634, 0.020977325350046157], "accuracy": [100.0, 100.0, 100.0, 100.0, 100.0, 100.0, 100.0, 100.0, 100.0, 100.0, 100.0, 100.0, 100.0, 100.0, 100.0, 100.0, 100.0, 100.0, 100.0, 100.0, 100.0, 100.0, 100.0, 100.0, 100.0, 100.0, 100.0, 100.0, 100.0, 100.0, 100.0, 100.0, 100.0, 100.0, 100.0, 100.0, 100.0, 100.0, 100.0, 100.0, 100.0, 100.0, 100.0, 100.0, 100.0, 100.0, 100.0, 100.0, 100.0, 100.0, 100.0, 100.0, 100.0, 100.0, 100.0, 100.0, 100.0, 100.0, 100.0, 100.0, 100.0, 100.0, 100.0, 100.0, 100.0, 100.0, 100.0, 100.0, 100.0, 100.0, 100.0, 100.0, 100.0, 100.0, 100.0, 100.0, 100.0, 100.0, 100.0, 100.0, 100.0, 100.0, 100.0, 100.0, 100.0, 100.0, 100.0, 100.0, 100.0, 100.0, 100.0, 100.0, 100.0, 100.0, 100.0, 100.0, 100.0, 100.0, 100.0, 100.0]}